sector,school_name,suburb,postcode,phone,public_email,contact_form_url,website_url,source_directory_url,last_verified_date,lat,lon,website_checked,recovery_checked
catholic,Corpus Christi Catholic School,Bellerive,7018,,office.ccs@catholic.tas.edu.au,mailto:office.ccs@catholic.tas.edu.au?subject=General%20Enquiry,http://www.corpuschristi.tas.edu.au,https://acaraweb.azurewebsites.net/contact-us/acara-data-access,2026-02-21,-42.871256,147.371473,true,false
independent,Fahan School,Sandy Bay,7005,,,http://www.fahan.tas.edu.au/contact,http://www.fahan.tas.edu.au,https://acaraweb.azurewebsites.net/contact-us/acara-data-access,2026-02-21,-42.91615827,147.35276438,true,true
independent,Geneva Christian College,Latrobe,7307,,office@geneva.tas.edu.au,https://www.geneva.tas.edu.au/,http://www.geneva.tas.edu.au,https://acaraweb.azurewebsites.net/contact-us/acara-data-access,2026-02-21,-41.226741,146.438726,true,false
catholic,Holy Rosary Catholic School,Claremont,7011,,,http://www.holyrosary.tas.edu.au/site-search,http://www.holyrosary.tas.edu.au,https://acaraweb.azurewebsites.net/contact-us/acara-data-access,2026-02-21,-42.789375,147.248306,true,true
catholic,Immaculate Heart of Mary Catholic School,Lenah Valley,7008,,ihms@catholic.tas.edu.au,,http://www.ihms.tas.edu.au,https://acaraweb.azurewebsites.net/contact-us/acara-data-access,2026-02-21,-42.865543,147.290159,true,true
independent,John Calvin School,Launceston,7250,,admin@jcs.tas.edu.au,http://www.jcs.tas.edu.au/contact,http://www.jcs.tas.edu.au,https://acaraweb.azurewebsites.net/contact-us/acara-data-access,2026-02-21,-41.447919,147.144799,true,false
catholic,Larmenier Catholic School,St Leonards,7250,,larmenier@catholic.tas.edu.au,https://www.larmenier.tas.edu.au/site-search,https://www.larmenier.tas.edu.au/,https://acaraweb.azurewebsites.net/contact-us/acara-data-access,2026-02-21,-41.460784,147.194752,true,false
independent,Launceston Church Grammar School,Mowbray,7248,,junior@lcgs.tas.edu.au,https://www.lcgs.tas.edu.au/search-results,http://www.lcgs.tas.edu.au,https://acaraweb.azurewebsites.net/contact-us/acara-data-access,2026-02-21,-41.408156,147.128813,true,false
catholic,St James Catholic College,Cygnet,7112,,stjames@catholic.tas.edu.au,,http://www.sjcc.tas.edu.au,https://acaraweb.azurewebsites.net/contact-us/acara-data-access,2026-02-21,-43.161812,147.075798,true,true
catholic,Our Lady of Lourdes Catholic School,Devonport,7310,,,http://www.ololshills.catholic.edu.au/contact-us,http://www.ololshills.catholic.edu.au/,https://acaraweb.azurewebsites.net/contact-us/acara-data-access,2026-02-21,-41.18021,146.355196,true,true
catholic,Our Lady of Mercy Catholic School,Deloraine,7304,,,http://www.olom.tas.edu.au/site-search,http://www.olom.tas.edu.au,https://acaraweb.azurewebsites.net/contact-us/acara-data-access,2026-02-21,-41.525172,146.64995,true,true
catholic,Sacred Heart Catholic School,Ulverstone,7315,,shu@catholic.tas.edu.au,http://www.shu.tas.edu.au/site-search,http://www.shu.tas.edu.au,https://acaraweb.azurewebsites.net/contact-us/acara-data-access,2026-02-21,-41.155798,146.186851,true,false
catholic,Sacred Heart Catholic School,Geeveston,7116,,shg@catholic.tas.edu.au,http://www.shg.tas.edu.au/site-search,http://www.shg.tas.edu.au,https://acaraweb.azurewebsites.net/contact-us/acara-data-access,2026-02-21,-43.165474,146.943967,true,false
catholic,St Anthony's Catholic School,Riverside,7250,,stanthonys@catholic.tas.edu.au,,http://www.stanthonys.tas.edu.au,https://acaraweb.azurewebsites.net/contact-us/acara-data-access,2026-02-21,-41.4062,147.095,true,true
catholic,St Peter Chanel Catholic School,Smithton,7330,,spc@catholic.tas.edu.au,http://stpeterchanel.tas.edu.au/site-search,http://stpeterchanel.tas.edu.au,https://acaraweb.azurewebsites.net/contact-us/acara-data-access,2026-02-21,-40.845638,145.131883,true,false
catholic,St Brigid's Catholic School,New Norfolk,7140,,,http://www.stbrigidsnn.tas.edu.au/site-search,http://www.stbrigidsnn.tas.edu.au,https://acaraweb.azurewebsites.net/contact-us/acara-data-access,2026-02-21,-42.78063,147.056171,true,true
catholic,St Brigid's Catholic School,Wynyard,7325,,,http://www.sbw.tas.edu.au/site-search,http://www.sbw.tas.edu.au,https://acaraweb.azurewebsites.net/contact-us/acara-data-access,2026-02-21,-40.988286,145.726855,true,true
catholic,St Cuthbert's Catholic School,Lindisfarne,7015,,stcuthberts@catholic.tas.edu.au,http://www.stcuthberts.tas.edu.au,http://www.stcuthberts.tas.edu.au,https://acaraweb.azurewebsites.net/contact-us/acara-data-access,2026-02-21,-42.843192,147.355348,true,false
catholic,St John's Catholic School,Richmond,7025,,stjohns@catholic.tas.edu.au,http://www.stjohns.tas.edu.au/site-search,http://www.stjohns.tas.edu.au,https://acaraweb.azurewebsites.net/contact-us/acara-data-access,2026-02-21,-42.733415,147.441563,true,false
catholic,St Joseph's Catholic School,Rosebery,7470,,,http://www.stjosephsr.tas.edu.au/site-search,http://www.stjosephsr.tas.edu.au,https://acaraweb.azurewebsites.net/contact-us/acara-data-access,2026-02-21,-41.780321,145.543953,true,true
catholic,St Joseph's Catholic School,Queenstown,7467,,stjosephsq@catholic.tas.edu.au,http://www.stjosephsq.tas.edu.au/site-search,http://www.stjosephsq.tas.edu.au,https://acaraweb.azurewebsites.net/contact-us/acara-data-access,2026-02-21,-42.081342,145.559515,true,false
catholic,St Mary's College,Hobart,7000,,stmarys@smc.tas.edu.au,,http://www.smc.tas.edu.au,https://acaraweb.azurewebsites.net/contact-us/acara-data-access,2026-02-21,-42.881808,147.319687,true,true
catholic,St Patrick's Catholic School,Latrobe,7307,,,http://www.stpatslatrobe.tas.edu.au/site-search,http://www.stpatslatrobe.tas.edu.au,https://acaraweb.azurewebsites.net/contact-us/acara-data-access,2026-02-21,-41.235575,146.418418,true,true
catholic,St Therese's Catholic School,Moonah,7009,,sttherese@catholic.tas.edu.au,http://www.sttherese.tas.edu.au/site-search,http://www.sttherese.tas.edu.au,https://acaraweb.azurewebsites.net/contact-us/acara-data-access,2026-02-21,-42.846795,147.290228,true,false
independent,Hilliard Christian School,West Moonah,7009,,info@hilliard.tas.edu.au,https://hilliard.tas.edu.au/search,https://hilliard.tas.edu.au/,https://acaraweb.azurewebsites.net/contact-us/acara-data-access,2026-02-21,-42.853786,147.28761,true,false
catholic,Star of the Sea Catholic College,George Town,7253,,,,http://www.starsea.tas.edu.au/,https://acaraweb.azurewebsites.net/contact-us/acara-data-access,2026-02-21,-41.107781,146.829593,true,true
catholic,Stella Maris Catholic School,Burnie,7320,,stellamaris@catholic.tas.edu.au,http://stellamaris.tas.edu.au/site-search,http://stellamaris.tas.edu.au,https://acaraweb.azurewebsites.net/contact-us/acara-data-access,2026-02-21,-41.051103,145.887728,true,false
independent,The Friends' School,North Hobart,7000,,enquiries@friends.tas.edu.au,,http://www.friends.tas.edu.au,https://acaraweb.azurewebsites.net/contact-us/acara-data-access,2026-02-21,-42.869285,147.313375,true,true
independent,The Hutchins School,Sandy Bay,7005,,info@hutchins.tas.edu.au,http://www.hutchins.tas.edu.au/search/,http://www.hutchins.tas.edu.au,https://acaraweb.azurewebsites.net/contact-us/acara-data-access,2026-02-21,-42.905952,147.330242,true,false
independent,The Cottage School,Bellerive,7018,,admin@cottageschool.tas.edu.au,https://cottageschool.tas.edu.au/contact/book-a-tour,http://www.cottageschool.tas.edu.au,https://acaraweb.azurewebsites.net/contact-us/acara-data-access,2026-02-21,-42.875405,147.367494,true,false
independent,Launceston Christian School,Riverside,7250,,office@lcs.tas.edu.au,,http://www.lcs.tas.edu.au,https://acaraweb.azurewebsites.net/contact-us/acara-data-access,2026-02-21,-41.401842,147.090571,true,true
independent,Leighland Christian School,Ulverstone,7315,,,https://www.leighland.tas.edu.au,http://www.leighland.tas.edu.au,https://acaraweb.azurewebsites.net/contact-us/acara-data-access,2026-02-21,-41.153547,146.195067,true,true
independent,North West Christian School,Penguin,7316,,,https://northwestchristianschool.com.au/search,https://northwestchristianschool.com.au/,https://acaraweb.azurewebsites.net/contact-us/acara-data-access,2026-02-21,-41.123571,146.080384,true,true
independent,St Michael's Collegiate School,Hobart,7000,,collegiate@collegiate.tas.edu.au,https://collegiate.tas.edu.au/,http://www.collegiate.tas.edu.au,https://acaraweb.azurewebsites.net/contact-us/acara-data-access,2026-02-21,-42.888185,147.323435,true,false
independent,Scotch Oakburn College,Newstead,7250,,juniorschool@soc.tas.edu.au,,http://www.soc.tas.edu.au,https://acaraweb.azurewebsites.net/contact-us/acara-data-access,2026-02-21,-41.449213,147.168873,true,true
catholic,John Paul II Catholic School,Clarendon Vale,7019,,,,http://www.johnpaul.tas.edu.au,https://acaraweb.azurewebsites.net/contact-us/acara-data-access,2026-02-21,-42.8945,147.447,true,true
independent,The Launceston Preparatory School,Launceston,7250,,admin@lps.tas.edu.au,,http://www.lps.tas.edu.au,https://acaraweb.azurewebsites.net/contact-us/acara-data-access,2026-02-21,-41.4374,147.158,true,false
independent,Eastside Lutheran College,Warrane,7018,,admin@elc.tas.edu.au,http://www.elc.tas.edu.au/contact,http://www.elc.tas.edu.au,https://acaraweb.azurewebsites.net/contact-us/acara-data-access,2026-02-21,-42.851645,147.383845,true,false
catholic,St Thomas More's Catholic School,Newstead,7250,,stm@catholic.tas.edu.au,,http://www.stm.tas.edu.au,https://acaraweb.azurewebsites.net/contact-us/acara-data-access,2026-02-21,-41.44512,147.157534,true,true
catholic,St Paul's Catholic School,Bridgewater,7030,,stpauls@catholic.tas.edu.au,,http://www.stpauls.tas.edu.au,https://acaraweb.azurewebsites.net/contact-us/acara-data-access,2026-02-21,-42.737339,147.247605,true,true
independent,Circular Head Christian School,Smithton,7330,,admin@chcs.tas.edu.au,https://www.chcs.tas.edu.au/contact/,http://www.chcs.tas.edu.au,https://acaraweb.azurewebsites.net/contact-us/acara-data-access,2026-02-21,-40.8497,145.118,true,false
independent,Southern Christian College,Kingston,7050,,admin@scc.tas.edu.au,https://scc.tas.edu.au/contact,http://www.scc.tas.edu.au,https://acaraweb.azurewebsites.net/contact-us/acara-data-access,2026-02-21,-42.990905,147.307777,true,false
government,Brooks High School,Rocherlea,7248,,brooks.high.admin.staff@decyp.tas.gov.au,https://brookshigh.education.tas.edu.au/site-search,https://brookshigh.education.tas.edu.au/,https://acaraweb.azurewebsites.net/contact-us/acara-data-access,2026-02-21,-41.37813391,147.12135989,true,false
government,Flinders Island District High School,Whitemark,7255,,flinders.island.district.high@education.tas.gov.au,,https://flindersislanddistricthigh.education.tas.edu.au/,https://acaraweb.azurewebsites.net/contact-us/acara-data-access,2026-02-21,-40.11254151,148.03486284,true,false
government,Lilydale District School,Lilydale,7268,,lilydale.district.school@education.tas.gov.au,https://lilydale.education.tas.edu.au/site-search,https://lilydale.education.tas.edu.au/,https://acaraweb.azurewebsites.net/contact-us/acara-data-access,2026-02-21,-41.25251745,147.21598294,true,false
government,Ravenswood Heights Primary School,Ravenswood,7250,,ravenswood.heights.primary@education.tas.gov.au,,https://ravenswoodheightsprimary.education.tas.edu.au/,https://acaraweb.azurewebsites.net/contact-us/acara-data-access,2026-02-21,-41.41878768,147.17536832,true,false
government,Scottsdale High School,Scottsdale,7260,,scottsdale.high.admin.staff@decyp.tas.gov.au,https://scottsdalehigh.education.tas.edu.au/site-search,https://scottsdalehigh.education.tas.edu.au/,https://acaraweb.azurewebsites.net/contact-us/acara-data-access,2026-02-21,-41.1546,147.51,true,false
government,Parklands High School,Romaine,7320,,,https://parklandshigh.education.tas.edu.au/site-search,https://parklandshigh.education.tas.edu.au/,https://acaraweb.azurewebsites.net/contact-us/acara-data-access,2026-02-21,-41.07905504,145.90176001,true,true
government,Reece High School,Devonport,7310,,reece.high@decyp.tas.gov.au,https://reecehigh.education.tas.edu.au/site-search,https://reecehigh.education.tas.edu.au/,https://acaraweb.azurewebsites.net/contact-us/acara-data-access,2026-02-21,-41.189,146.352,true,false
government,Ulverstone Secondary College,Ulverstone,7315,,ulverstone.secondary.college@decyp.tas.gov.au,,https://ulverstonesc.education.tas.edu.au/,https://acaraweb.azurewebsites.net/contact-us/acara-data-access,2026-02-21,-41.16325954,146.17082335,true,false
government,Wynyard High School,Wynyard,7325,,wynyard.high@education.tas.gov.au,https://wynyardhigh.education.tas.edu.au/site-search,https://wynyardhigh.education.tas.edu.au/,https://acaraweb.azurewebsites.net/contact-us/acara-data-access,2026-02-21,-40.98627358,145.71764283,true,false
government,Cosgrove High School,Glenorchy,7010,,learning.services.s@education.tas.gov.au,https://cosgrovehigh.education.tas.edu.au/site-search,https://cosgrovehigh.education.tas.edu.au/,https://acaraweb.azurewebsites.net/contact-us/acara-data-access,2026-02-21,-42.83650615,147.28318696,true,false
government,Dover District School,Dover,7117,,dover.district.school@decyp.tas.gov.au,https://doverdistrict.education.tas.edu.au/site-search,https://doverdistrict.education.tas.edu.au/,https://acaraweb.azurewebsites.net/contact-us/acara-data-access,2026-02-21,-43.31008295,147.01303372,true,false
government,Geeveston Primary School,Geeveston,7116,,geeveston.primary@education.tas.gov.au,https://geevestonprimary.education.tas.edu.au/site-search,https://geevestonprimary.education.tas.edu.au/,https://acaraweb.azurewebsites.net/contact-us/acara-data-access,2026-02-21,-43.16224412,146.92212626,true,false
government,Huonville High School,Huonville,7109,,huonvillehigh-supportstaff@education.tas.gov.au,https://huonvillehigh.education.tas.edu.au/site-search,https://huonvillehigh.education.tas.edu.au/,https://acaraweb.azurewebsites.net/contact-us/acara-data-access,2026-02-21,-43.02374508,147.04694878,true,false
government,Bayview Secondary College,Rokeby,7019,,bayview.secondary.college@education.tas.gov.au,https://bayviewsc.education.tas.edu.au/contact-us/,https://bayviewsc.education.tas.edu.au,https://acaraweb.azurewebsites.net/contact-us/acara-data-access,2026-02-21,-42.89719843,147.44500423,true,false
government,Bothwell District High School,Bothwell,7030,,bothwell.district.high@education.tas.gov.au,https://bothwelldistricthigh.education.tas.edu.au/site-search,https://bothwelldistricthigh.education.tas.edu.au/,https://acaraweb.azurewebsites.net/contact-us/acara-data-access,2026-02-21,-42.38402831,147.01571956,true,false
government,Deloraine High School,Deloraine,7304,,,,https://delorainehigh.education.tas.edu.au/,https://acaraweb.azurewebsites.net/contact-us/acara-data-access,2026-02-21,-41.52974888,146.66018027,true,true
government,Glenora District School,Glenora,7140,,,https://glenoradistrictschool.education.tas.edu.au/site-search,https://glenoradistrictschool.education.tas.edu.au/,https://acaraweb.azurewebsites.net/contact-us/acara-data-access,2026-02-21,-42.69690112,146.88944893,true,true
government,New Norfolk High School,New Norfolk,7140,,new.norfolk.high@education.tas.gov.au,https://newnorfolkhigh.education.tas.edu.au/site-search,https://newnorfolkhigh.education.tas.edu.au/,https://acaraweb.azurewebsites.net/contact-us/acara-data-access,2026-02-21,-42.78854201,147.06123199,true,false
government,Oatlands District High School,Oatlands,7120,,oatlands.district.high@education.tas.gov.au,https://oatlandsdistricthigh.education.tas.edu.au/site-search,https://oatlandsdistricthigh.education.tas.edu.au/,https://acaraweb.azurewebsites.net/contact-us/acara-data-access,2026-02-21,-42.30055552,147.37080165,true,false
government,Rosebery District School,Rosebery,7470,,rosebery.district@education.tas.gov.au,,https://roseberydistrict.education.tas.edu.au/,https://acaraweb.azurewebsites.net/contact-us/acara-data-access,2026-02-21,-41.77912684,145.54247225,true,false
government,St Helens District High School,St Helens,7216,,,https://sthelensdistricthigh.education.tas.edu.au/site-search,https://sthelensdistricthigh.education.tas.edu.au/,https://acaraweb.azurewebsites.net/contact-us/acara-data-access,2026-02-21,-41.32453944,148.24629738,true,true
government,St Marys District School,St Marys,7215,,st.marys.district.school@education.tas.gov.au,https://stmarysdistrict.education.tas.edu.au/site-search,https://stmarysdistrict.education.tas.edu.au/,https://acaraweb.azurewebsites.net/contact-us/acara-data-access,2026-02-21,-41.58478994,148.18939889,true,false
government,Triabunna District School,Triabunna,7190,,triabunna.district@decyp.tas.gov.au,https://triabunna.education.tas.edu.au/contact/,https://triabunna.education.tas.edu.au/,https://acaraweb.azurewebsites.net/contact-us/acara-data-access,2026-02-21,-42.50742508,147.91106789,true,false
government,Burnie High School,Cooee,7320,,burnie.high@education.tas.gov.au,https://burniehigh.education.tas.edu.au/site-search,https://burniehigh.education.tas.edu.au,https://acaraweb.azurewebsites.net/contact-us/acara-data-access,2026-02-21,-41.0415376,145.86646528,true,false
government,Campbell Town District High School,Campbell Town,7210,,campbell.town.district.high@decyp.tas.gov.au,https://campbelltowndistricthigh.education.tas.edu.au/site-search,https://campbelltowndistricthigh.education.tas.edu.au/,https://acaraweb.azurewebsites.net/contact-us/acara-data-access,2026-02-21,-41.92446399,147.49096762,true,false
government,Cressy District High School,Cressy,7302,,cressy.district.high@education.tas.gov.au,https://schoolsweb.decyp.tas.gov.au/cressydistricthigh/,https://cressydistricthigh.education.tas.edu.au/,https://acaraweb.azurewebsites.net/contact-us/acara-data-access,2026-02-21,-41.69093755,147.0771548,true,false
government,Dunalley Primary School,Dunalley,7177,,dunalley.primary@decyp.tas.gov.au,https://www.dunalleyprimary.education.tas.edu.au/site-search,https://www.dunalleyprimary.education.tas.edu.au,https://acaraweb.azurewebsites.net/contact-us/acara-data-access,2026-02-21,-42.88518675,147.81215862,true,false
government,Exeter High School,Exeter,7275,,exeter.high@decyp.tas.gov.au,https://exeterhigh.education.tas.edu.au/site-search,https://exeterhigh.education.tas.edu.au/,https://acaraweb.azurewebsites.net/contact-us/acara-data-access,2026-02-21,-41.30062736,146.95752176,true,false
government,King Island District High School,Currie,7256,,king.island.district.high@education.tas.gov.au,https://www.kingislanddistricthigh.education.tas.edu.au/contact-us/,https://kingislanddistricthigh.education.tas.edu.au/,https://acaraweb.azurewebsites.net/contact-us/acara-data-access,2026-02-21,-39.92665469,143.8559413,true,false
government,Kingston High School,Kingston,7050,,kingston.high.school@decyp.tas.gov.au,https://kingstonhigh.education.tas.edu.au/site-search,https://kingstonhigh.education.tas.edu.au/,https://acaraweb.azurewebsites.net/contact-us/acara-data-access,2026-02-21,-42.97371542,147.30813147,true,false
government,Kings Meadows High School,Kings Meadows,7249,,kings.meadows.high@education.tas.gov.au,https://kingsmeadowshs.education.tas.edu.au/site-search,https://kingsmeadowshs.education.tas.edu.au,https://acaraweb.azurewebsites.net/contact-us/acara-data-access,2026-02-21,-41.47386659,147.15956905,true,false
government,Prospect High School,Prospect,7250,,prospect.high@decyp.tas.gov.au,https://prospecthigh.education.tas.edu.au/site-search,https://prospecthigh.education.tas.edu.au/,https://acaraweb.azurewebsites.net/contact-us/acara-data-access,2026-02-21,-41.47580035,147.13093189,true,false
government,Riverside High School,Riverside,7250,,,https://riversidehigh.education.tas.edu.au/site-search,https://riversidehigh.education.tas.edu.au/,https://acaraweb.azurewebsites.net/contact-us/acara-data-access,2026-02-21,-41.40905097,147.09955797,true,true
government,Smithton High School,Smithton,7330,,smithton.high@decyp.tas.gov.au,https://SmithtonHigh.education.tas.edu.au/site-search,https://SmithtonHigh.education.tas.edu.au/,https://acaraweb.azurewebsites.net/contact-us/acara-data-access,2026-02-21,-40.83816677,145.11644883,true,false
government,Sorell School,Sorell,7172,,sorell.school@decyp.tas.gov.au,https://sorell.education.tas.edu.au,https://sorell.education.tas.edu.au/,https://acaraweb.azurewebsites.net/contact-us/acara-data-access,2026-02-21,-42.78592321,147.56062331,true,false
government,Taroona High School,Taroona,7053,,taroona.high@decyp.tas.gov.au,https://taroonahigh.education.tas.edu.au/site-search,https://taroonahigh.education.tas.edu.au/,https://acaraweb.azurewebsites.net/contact-us/acara-data-access,2026-02-21,-42.94341,147.3559,true,false
government,Tasman District School,Nubeena,7184,,,,https://tasman.education.tas.edu.au/,https://acaraweb.azurewebsites.net/contact-us/acara-data-access,2026-02-21,-43.09833639,147.74706551,true,true
government,Winnaleah District High School,Winnaleah,7265,,winnaleah.district.high@education.tas.gov.au,,https://winnaleahdistricthigh.education.tas.edu.au/,https://acaraweb.azurewebsites.net/contact-us/acara-data-access,2026-02-21,-41.096531,147.822868,true,false
government,Woodbridge School,Woodbridge,7162,,hamish.cunningham@education.tas.gov.au,https://www.woodbridge.education.tas.edu.au/contact-us/,https://woodbridge.education.tas.edu.au/,https://acaraweb.azurewebsites.net/contact-us/acara-data-access,2026-02-21,-43.164652,147.239683,true,false
government,Yolla District School,Yolla,7325,,yolla.district.school@decyp.tas.gov.au,https://yolladistricthigh.education.tas.edu.au/site-search,https://yolladistricthigh.education.tas.edu.au/,https://acaraweb.azurewebsites.net/contact-us/acara-data-access,2026-02-21,-41.12266948,145.72009949,true,false
government,North West Support School,Acton,7320,,,https://northwestsupport.education.tas.edu.au/,https://northwestsupport.education.tas.edu.au,https://acaraweb.azurewebsites.net/contact-us/acara-data-access,2026-02-21,-41.072282,145.893098,true,true
government,Invermay Primary School,Invermay,7248,,janice.westlake@education.vic.gov.au,http://www.invermayps.vic.edu.au/contact-us.html,http://www.invermayps.vic.edu.au/,https://acaraweb.azurewebsites.net/contact-us/acara-data-access,2026-02-21,-41.42163515,147.13138403,true,false
government,Mowbray Heights Primary School,Mowbray,7248,,mowbray.heights.primary@decyp.tas.gov.au,https://mowbrayheightsprimary.education.tas.edu.au/site-search,https://mowbrayheightsprimary.education.tas.edu.au/,https://acaraweb.azurewebsites.net/contact-us/acara-data-access,2026-02-21,-41.40275864,147.13341299,true,false
government,Rose Bay High School,Rose Bay,7015,,rose.bay.high@decyp.tas.gov.au,https://rosebayhigh.education.tas.edu.au/,https://rosebayhigh.education.tas.edu.au/,https://acaraweb.azurewebsites.net/contact-us/acara-data-access,2026-02-21,-42.86154099,147.35891671,true,false
government,Queechy High School,Norwood,7250,,queechy.high@decyp.tas.gov.au,https://queechyhigh.education.tas.edu.au/site-search,https://queechyhigh.education.tas.edu.au/,https://acaraweb.azurewebsites.net/contact-us/acara-data-access,2026-02-21,-41.45195332,147.17607496,true,false
government,Devonport High School,Devonport,7310,,devonport.high@education.tas.gov.au,https://devonporths.schoolzineplus.com/site-search,https://devonporths.schoolzineplus.com,https://acaraweb.azurewebsites.net/contact-us/acara-data-access,2026-02-21,-41.17795098,146.34877035,true,false
catholic,Sacred Heart Catholic School,Launceston,7250,,shsl@catholic.tas.edu.au,,http://www.sacredheartl.tas.edu.au,https://acaraweb.azurewebsites.net/contact-us/acara-data-access,2026-02-21,-41.445,147.133337,true,true
government,Albuera Street Primary School,Battery Point,7004,,,,https://www.ella.edu.au/preschools/,https://acaraweb.azurewebsites.net/contact-us/acara-data-access,2026-02-21,-42.89123278,147.32588298,true,true
government,Campbell Street Primary School,North Hobart,7000,,campbell.street.primary@decyp.tas.gov.au,https://www.campbellstreetprimary.education.tas.edu.au/site-search,https://www.campbellstreetprimary.education.tas.edu.au/,https://acaraweb.azurewebsites.net/contact-us/acara-data-access,2026-02-21,-42.87254263,147.32268319,true,false
government,Goulburn Street Primary School,West Hobart,7000,,goulburn.street.primary@education.tas.gov.au,https://goulburnstreetprimary.education.tas.edu.au/site-search,https://goulburnstreetprimary.education.tas.edu.au/,https://acaraweb.azurewebsites.net/contact-us/acara-data-access,2026-02-21,-42.88779991,147.31692503,true,false
government,Lansdowne Crescent Primary School,West Hobart,7000,,,https://www.lansdownecrescentprimary.org/apps/search,https://www.lansdownecrescentprimary.org/,https://acaraweb.azurewebsites.net/contact-us/acara-data-access,2026-02-21,-42.882125,147.30871,true,true
government,Mount Stuart Primary School,Mount Stuart,7000,,mount.stuart.primary@education.tas.gov.au,,https://mountstuartprimary.education.tas.edu.au/,https://acaraweb.azurewebsites.net/contact-us/acara-data-access,2026-02-21,-42.87507847,147.29906955,true,false
government,South Hobart Primary School,South Hobart,7004,,south.hobart.primary@decyp.tas.gov.au,https://southhobartprimary.education.tas.edu.au/site-search,https://southhobartprimary.education.tas.edu.au/,https://acaraweb.azurewebsites.net/contact-us/acara-data-access,2026-02-21,-42.891817,147.309568,true,false
government,Princes Street Primary School,Sandy Bay,7005,,princes.street.primary@education.tas.gov.au,https://schoolsweb.decyp.tas.gov.au/princessstreetprimary/,https://princesstreetprimary.education.tas.edu.au/,https://acaraweb.azurewebsites.net/contact-us/acara-data-access,2026-02-21,-42.89924147,147.31840447,true,false
government,Waimea Heights Primary School,Sandy Bay,7005,,waimea.heights.primary@decyp.tas.gov.au,,https://waimeaheightsprimary.education.tas.edu.au/,https://acaraweb.azurewebsites.net/contact-us/acara-data-access,2026-02-21,-42.90892028808594,147.3369140625,true,false
government,Taroona Primary School,Taroona,7053,,servicecentre@education.tas.gov.au,,https://www.taroonaprimary.education.tas.edu.au/,https://acaraweb.azurewebsites.net/contact-us/acara-data-access,2026-02-21,-42.94315177,147.3527989,true,false
government,Mount Nelson Primary School,Mount Nelson,7007,,mount.nelson.primary@decyp.tas.gov.au,https://mountnelsonprimary.education.tas.edu.au/site-search,https://mountnelsonprimary.education.tas.edu.au/,https://acaraweb.azurewebsites.net/contact-us/acara-data-access,2026-02-21,-42.91290931,147.32237076,true,false
government,Lenah Valley Primary School,Lenah Valley,7008,,jennifer.poynter@education.tas.gov.au,https://lenahvalleyprimary.education.tas.edu.au/contact-us/,https://lenahvalleyprimary.education.tas.edu.au/,https://acaraweb.azurewebsites.net/contact-us/acara-data-access,2026-02-21,-42.860997,147.289568,true,false
government,New Town Primary School,New Town,7008,,new.town.primary@decyp.tas.gov.au,https://newtownprimary.education.tas.edu.au/site-search,https://newtownprimary.education.tas.edu.au/,https://acaraweb.azurewebsites.net/contact-us/acara-data-access,2026-02-21,-42.85748163,147.30001235,true,false
government,Bowen Road Primary School,Moonah,7009,,bowen.road.primary@education.tas.gov.au,https://bowenroadprimary.education.tas.edu.au/contact-us/,https://bowenroadprimary.education.tas.edu.au/,https://acaraweb.azurewebsites.net/contact-us/acara-data-access,2026-02-21,-42.84736447,147.30763733,true,false
government,Goodwood Primary School,Derwent Park,7009,,goodwood.primary@education.tas.gov.au,https://goodwoodprimary.education.tas.edu.au/site-search,https://goodwoodprimary.education.tas.edu.au/,https://acaraweb.azurewebsites.net/contact-us/acara-data-access,2026-02-21,-42.83224516,147.29255312,true,false
government,Moonah Primary School,Derwent Park,7009,,servicecentre@decyp.tas.gov.au,,https://moonahprimary.education.tas.edu.au/,https://acaraweb.azurewebsites.net/contact-us/acara-data-access,2026-02-21,-42.83809219,147.29646337,true,false
government,Springfield Gardens Primary School,West Moonah,7009,,springfield.gardens.primary@decyp.tas.gov.au,https://springfieldgardensprimary.education.tas.edu.au/site-search,https://springfieldgardensprimary.education.tas.edu.au/,https://acaraweb.azurewebsites.net/contact-us/acara-data-access,2026-02-21,-42.84764764,147.27594789,true,false
government,Rosetta Primary School,Rosetta,7010,,rosetta.primary@decyp.tas.gov.au,https://rosettaprimary.education.tas.edu.au/site-search,https://rosettaprimary.education.tas.edu.au/,https://acaraweb.azurewebsites.net/contact-us/acara-data-access,2026-02-21,-42.82210911,147.25730077,true,false
government,Collinsvale Primary School,Collinsvale,7012,,collinsvale.primary@education.tas.gov.au,,https://collinsvaleprimary.education.tas.edu.au/,https://acaraweb.azurewebsites.net/contact-us/acara-data-access,2026-02-21,-42.83667338,147.19839968,true,false
government,Lindisfarne North Primary School,Geilston Bay,7015,,lindisfarne.north.primary@decyp.tas.gov.au,https://lindisfarnenorthprimary.tas.edu.au/site-search,https://lindisfarnenorthprimary.tas.edu.au/,https://acaraweb.azurewebsites.net/contact-us/acara-data-access,2026-02-21,-42.838657,147.350274,true,false
government,Lindisfarne Primary School,Lindisfarne,7015,,lindisfarne.primary@decyp.tas.gov.au,https://lindisfarneprimary.education.tas.edu.au/site-search,https://lindisfarneprimary.education.tas.edu.au/,https://acaraweb.azurewebsites.net/contact-us/acara-data-access,2026-02-21,-42.85201252,147.36372444,true,false
government,Risdon Vale Primary School,Risdon Vale,7016,,risdon.vale.primary@decyp.tas.gov.au,,https://risdonvaleprimary.education.tas.edu.au/,https://acaraweb.azurewebsites.net/contact-us/acara-data-access,2026-02-21,-42.81259813,147.35329662,true,false
government,Bellerive Primary School,Bellerive,7018,,bellerive.primary@decyp.tas.gov.au,https://belleriveprimary.education.tas.edu.au/site-search,https://belleriveprimary.education.tas.edu.au/,https://acaraweb.azurewebsites.net/contact-us/acara-data-access,2026-02-21,-42.87227607,147.37011063,true,false
government,Clarence High School,Bellerive,7018,,clarence.high@education.tas.gov.au,https://clarencehigh.education.tas.edu.au/site-search,https://clarencehigh.education.tas.edu.au/,https://acaraweb.azurewebsites.net/contact-us/acara-data-access,2026-02-21,-42.877901,147.38924026,true,false
government,Howrah Primary School,Howrah,7018,,servicecentre@education.tas.gov.au,,https://howrahprimary.education.tas.edu.au/,https://acaraweb.azurewebsites.net/contact-us/acara-data-access,2026-02-21,-42.88107919,147.40211048,true,false
government,Montagu Bay Primary School,Montagu Bay,7018,,montagu.bay.primary@decyp.tas.gov.au,,https://montagubayprimary.education.tas.edu.au/,https://acaraweb.azurewebsites.net/contact-us/acara-data-access,2026-02-21,-42.86449013,147.35223353,true,false
government,Warrane Primary School,Warrane,7018,,warrane.primary@education.tas.gov.au,https://warraneprimary.education.tas.edu.au/site-search,https://warraneprimary.education.tas.edu.au/,https://acaraweb.azurewebsites.net/contact-us/acara-data-access,2026-02-21,-42.86122275,147.38262197,true,false
government,Clarendon Vale Primary School,Clarendon Vale,7019,,clarendon.vale.primary@decyp.tas.gov.au,https://clarendonvaleprimary.education.tas.edu.au/site-search,https://clarendonvaleprimary.education.tas.edu.au/,https://acaraweb.azurewebsites.net/contact-us/acara-data-access,2026-02-21,-42.88738509,147.44439485,true,false
government,Rokeby Primary School,Rokeby,7019,,rokeby.primary@education.tas.gov.au,https://rokebyprimary.education.tas.edu.au/site-search,https://rokebyprimary.education.tas.edu.au/,https://acaraweb.azurewebsites.net/contact-us/acara-data-access,2026-02-21,-42.89897973,147.43372383,true,false
government,Lauderdale Primary School,Lauderdale,7021,,lauderdale.primary@education.tas.gov.au,https://lauderdaleprimary.education.tas.edu.au/site-search,https://lauderdaleprimary.education.tas.edu.au/,https://acaraweb.azurewebsites.net/contact-us/acara-data-access,2026-02-21,-42.905072,147.47854,true,false
government,South Arm Primary School,South Arm,7022,,south.arm.primary@education.tas.gov.au,,https://southarmprimary.education.tas.edu.au/,https://acaraweb.azurewebsites.net/contact-us/acara-data-access,2026-02-21,-43.02586187,147.42019695,true,false
government,Richmond Primary School,Richmond,7025,,servicecentre@decyp.tas.gov.au,,https://richmondprimary.education.tas.edu.au/,https://acaraweb.azurewebsites.net/contact-us/acara-data-access,2026-02-21,-42.73928054,147.43798461,true,false
government,Campania District School,Campania,7026,,campania.district@decyp.tas.gov.au,https://www.campaniadistrict.tas.edu.au/site-search,https://www.campaniadistrict.tas.edu.au/,https://acaraweb.azurewebsites.net/contact-us/acara-data-access,2026-02-21,-42.66623963755808,147.42309355300003,true,false
government,Glen Huon Primary School,Glen Huon,7109,,glenhuon.ps@education.wa.edu.au,https://www.glenhuonps.wa.edu.au/contact-us/,https://www.glenhuonps.wa.edu.au/,https://acaraweb.azurewebsites.net/contact-us/acara-data-access,2026-02-21,-43.02813851,146.96237801,true,false
government,Huonville Primary School,Huonville,7109,,huonville.primary@education.tas.gov.au,,https://huonvilleprimary.education.tas.edu.au/,https://acaraweb.azurewebsites.net/contact-us/acara-data-access,2026-02-21,-43.02374508,147.04694878,true,false
government,Cygnet Primary School,Cygnet,7112,,cygnet.primary@decyp.tas.gov.au,https://cygnetprimary.education.tas.edu.au/site-search,https://cygnetprimary.education.tas.edu.au/,https://acaraweb.azurewebsites.net/contact-us/acara-data-access,2026-02-21,-43.15825931,147.07223964,true,false
government,Franklin Primary School,Franklin,7113,,franklin.primary@education.tas.gov.au,https://franklinprimary.education.tas.edu.au/site-search,https://franklinprimary.education.tas.edu.au/,https://acaraweb.azurewebsites.net/contact-us/acara-data-access,2026-02-21,-43.08553093,147.01185573,true,false
government,Kingston Primary School,Kingston,7050,,kingston.ps@education.wa.edu.au,https://www.kingstonprimary.wa.edu.au/site-search,https://www.kingstonprimary.wa.edu.au/,https://acaraweb.azurewebsites.net/contact-us/acara-data-access,2026-02-21,-42.97934878,147.30991854,true,false
government,Blackmans Bay Primary School,Blackmans Bay,7052,,blackmans.bay.primary@decyp.tas.gov.au,https://blackmansbayprimary.education.tas.edu.au/site-search,https://blackmansbayprimary.education.tas.edu.au/,https://acaraweb.azurewebsites.net/contact-us/acara-data-access,2026-02-21,-42.99699352,147.32126417,true,false
government,Margate Primary School,Margate,7054,,margate.primary@decyp.tas.gov.au,https://margateprimary.education.tas.edu.au/site-search,https://margateprimary.education.tas.edu.au/,https://acaraweb.azurewebsites.net/contact-us/acara-data-access,2026-02-21,-43.028852,147.262095,true,false
government,Snug Primary School,Snug,7054,,snug.primary@decyp.tas.gov.au,https://snugprimary.education.tas.edu.au/site-search,https://snugprimary.education.tas.edu.au/,https://acaraweb.azurewebsites.net/contact-us/acara-data-access,2026-02-21,-43.06533258,147.25426938,true,false
government,Bruny Island District School,Alonnah,7150,,bruny.island.district@decyp.tas.gov.au,,https://brunyislanddistrict.education.tas.edu.au/,https://acaraweb.azurewebsites.net/contact-us/acara-data-access,2026-02-21,-43.31756067,147.24605186,true,false
government,Cambridge Primary School,Cambridge,7170,,,https://cambridgeprimary.education.tas.edu.au/site-search,https://cambridgeprimary.education.tas.edu.au/,https://acaraweb.azurewebsites.net/contact-us/acara-data-access,2026-02-21,-42.83620708,147.44182458,true,true
government,Evandale Primary School,Evandale,7212,,servicecentre@decyp.tas.gov.au,,https://evandaleprimary.education.tas.edu.au/,https://acaraweb.azurewebsites.net/contact-us/acara-data-access,2026-02-21,-41.567519,147.249153,true,false
government,Bicheno Primary School,Bicheno,7215,,bicheno.primary@education.tas.gov.au,https://schoolsweb.decyp.tas.gov.au/bichenoprimary/,https://bichenoprimary.education.tas.edu.au/,https://acaraweb.azurewebsites.net/contact-us/acara-data-access,2026-02-21,-41.87237979,148.30570234,true,false
government,East Launceston Primary School,East Launceston,7250,,east.launceston.primary@education.tas.gov.au,,https://eastlauncestonprimary.education.tas.edu.au/,https://acaraweb.azurewebsites.net/contact-us/acara-data-access,2026-02-21,-41.44202283,147.1520445,true,false
government,Glen Dhu Primary School,South Launceston,7249,,glen.dhu.primary@education.tas.gov.au,https://schoolsweb.decyp.tas.gov.au/glendhuprimary/,https://glendhuprimary.education.tas.edu.au/,https://acaraweb.azurewebsites.net/contact-us/acara-data-access,2026-02-21,-41.45590244,147.1439905,true,false
government,Norwood Primary School,Norwood,7250,,dl.0131.admin@schools.sa.edu.au,https://www.norwoodps.sa.edu.au/contact/,https://www.norwoodps.sa.edu.au/,https://acaraweb.azurewebsites.net/contact-us/acara-data-access,2026-02-21,-41.46210661,147.17427556,true,false
government,Punchbowl Primary School,Newstead,7250,,servicecentre@decyp.tas.gov.au,,https://punchbowlprimary.education.tas.edu.au/,https://acaraweb.azurewebsites.net/contact-us/acara-data-access,2026-02-21,-41.45252801,147.16532986,true,false
government,Riverside Primary School,Riverside,7250,,riverside.primary@decyp.tas.gov.au,https://riversideprimary.education.tas.edu.au/,https://riversideprimary.education.tas.edu.au/,https://acaraweb.azurewebsites.net/contact-us/acara-data-access,2026-02-21,-41.41277009,147.10063288,true,false
government,St Leonards Primary School,St Leonards,7250,,st.leonards.primary@education.tas.gov.au,,https://stleonardsprimary.education.tas.edu.au/,https://acaraweb.azurewebsites.net/contact-us/acara-data-access,2026-02-21,-41.45970425,147.2003125,true,false
government,Summerdale Primary School,Summerhill,7250,,summerdale.primary@decyp.tas.gov.au,https://summerdaleprimary.education.tas.edu.au/site-search,https://summerdaleprimary.education.tas.edu.au/,https://acaraweb.azurewebsites.net/contact-us/acara-data-access,2026-02-21,-41.46827258,147.12970713,true,false
government,Trevallyn Primary School,Trevallyn,7250,,trevallyn.primary@decyp.tas.gov.au,https://trevallynprimary.education.tas.edu.au/site-search,https://trevallynprimary.education.tas.edu.au/,https://acaraweb.azurewebsites.net/contact-us/acara-data-access,2026-02-21,-41.43814374,147.11466237,true,false
government,Waverley Primary School,Waverley,7250,,glen.waverley.ps@education.vic.gov.au,https://www.glenps.vic.edu.au/,https://www.glenps.vic.edu.au/,https://acaraweb.azurewebsites.net/contact-us/acara-data-access,2026-02-21,-41.43207254,147.19013249,true,false
government,West Launceston Primary School,West Launceston,7250,,west.launceston.primary@education.tas.gov.au,,https://westlauncestonprimary.education.tas.edu.au/,https://acaraweb.azurewebsites.net/contact-us/acara-data-access,2026-02-21,-41.44906993,147.12848365,true,false
government,Youngtown Primary School,Youngtown,7249,,,,https://www.facebook.com/YoungtownPrimarySchool/,https://acaraweb.azurewebsites.net/contact-us/acara-data-access,2026-02-21,-41.482606,147.163844,true,true
government,Port Dalrymple School,George Town,7253,,port.dalrymple@decyp.tas.gov.au,https://portdalrymple.education.tas.edu.au/site-search,https://portdalrymple.education.tas.edu.au/,https://acaraweb.azurewebsites.net/contact-us/acara-data-access,2026-02-21,-41.09971856,146.82811512,true,false
government,South George Town Primary School,George Town,7253,,south.george.town.primary@decyp.tas.gov.au,https://southgeorgetownprimary.education.tas.edu.au/site-search,https://southgeorgetownprimary.education.tas.edu.au/,https://acaraweb.azurewebsites.net/contact-us/acara-data-access,2026-02-21,-41.11362094,146.83363318,true,false
government,Bridport Primary School,Bridport,7262,,servicecentre@decyp.tas.gov.au,,https://bridportprimary.education.tas.edu.au/,https://acaraweb.azurewebsites.net/contact-us/acara-data-access,2026-02-21,-41.00162041,147.38937093,true,false
government,Ringarooma Primary School,Ringarooma,7263,,ringarooma.primary@decyp.tas.gov.au,https://ringaroomaprimary.education.tas.edu.au/site-search,https://ringaroomaprimary.education.tas.edu.au/,https://acaraweb.azurewebsites.net/contact-us/acara-data-access,2026-02-21,-41.24228469,147.73323945,true,false
government,Scottsdale Primary School,Scottsdale,7260,,scottsdale.primary@education.tas.gov.au,https://scottsdaleprimary.education.tas.edu.au/contact/,https://scottsdaleprimary.education.tas.edu.au/,https://acaraweb.azurewebsites.net/contact-us/acara-data-access,2026-02-21,-41.16034658,147.50665375,true,false
government,Hagley Farm Primary School,Hagley,7292,,hagley.farm.primary@decyp.tas.gov.au,https://hagleyfarmprimary.education.tas.edu.au/site-search,https://hagleyfarmprimary.education.tas.edu.au/,https://acaraweb.azurewebsites.net/contact-us/acara-data-access,2026-02-21,-41.52669149,146.90340231,true,false
government,Orford Primary School,Orford,7190,,orford.primary@decyp.tas.gov.au,https://orfordprimary.education.tas.edu.au/site-search,https://orfordprimary.education.tas.edu.au/,https://acaraweb.azurewebsites.net/contact-us/acara-data-access,2026-02-21,-42.56331933,147.87384235,true,false
government,Swansea Primary School,Swansea,7190,,swansea.primary@education.tas.gov.au,https://swanseaprimary.education.tas.edu.au/site-search,https://swanseaprimary.education.tas.edu.au/,https://acaraweb.azurewebsites.net/contact-us/acara-data-access,2026-02-21,-42.12236781,148.07320103,true,false
government,Bracknell Primary School,Bracknell,7302,,bracknell.primary@education.tas.gov.au,,https://bracknellprimary.education.tas.edu.au/,https://acaraweb.azurewebsites.net/contact-us/acara-data-access,2026-02-21,-41.65243695,146.93358694,true,false
government,Perth Primary School,Perth,7300,,southperth.ps@education.wa.edu.au,https://southperthps.wa.edu.au/contact-us/,https://southperthps.wa.edu.au/,https://acaraweb.azurewebsites.net/contact-us/acara-data-access,2026-02-21,-41.57317837,147.17437105,true,false
government,Longford Primary School,Longford,7301,,longford.ps@edumail.vic.gov.au,https://www.longford-ps.vic.edu.au/?page_id=79,https://www.longford-ps.vic.edu.au/,https://acaraweb.azurewebsites.net/contact-us/acara-data-access,2026-02-21,-41.59593583,147.11694321,true,false
government,Westbury Primary School,Westbury,7303,,servicecentre@decyp.tas.gov.au,,https://westburyprimary.education.tas.edu.au/,https://acaraweb.azurewebsites.net/contact-us/acara-data-access,2026-02-21,-41.53170299,146.83805102,true,false
government,Deloraine Primary School,Deloraine,7304,,deloraine.primary@education.tas.gov.au,,https://deloraineprimary.education.tas.edu.au/,https://acaraweb.azurewebsites.net/contact-us/acara-data-access,2026-02-21,-41.52867221,146.66271544,true,false
government,Mole Creek Primary School,Mole Creek,7304,,mole.creek.primary@decyp.tas.gov.au,https://molecreekprimary.education.tas.edu.au/,https://molecreekprimary.education.tas.edu.au/,https://acaraweb.azurewebsites.net/contact-us/acara-data-access,2026-02-21,-41.55845075,146.40554897,true,false
government,Latrobe Primary School,Latrobe,7307,,servicecentre@decyp.tas.gov.au,,https://latrobeprimary.education.tas.edu.au,https://acaraweb.azurewebsites.net/contact-us/acara-data-access,2026-02-21,-41.23961898,146.41601313,true,false
government,Sheffield School,Sheffield,7306,,sheffield@decyp.tas.gov.au,https://sheffield.education.tas.edu.au/site-search,https://sheffield.education.tas.edu.au/,https://acaraweb.azurewebsites.net/contact-us/acara-data-access,2026-02-21,-41.38460175,146.3245746,true,false
government,Latrobe High School,Latrobe,7307,,servicecentre@decyp.tas.gov.au,,https://latrobehigh.education.tas.edu.au/,https://acaraweb.azurewebsites.net/contact-us/acara-data-access,2026-02-21,-41.23650373,146.42525319,true,false
government,Sassafras Primary School,Sassafras,7307,,sassafras.primary@education.tas.gov.au,,https://sassafrasprimary.education.tas.edu.au/,https://acaraweb.azurewebsites.net/contact-us/acara-data-access,2026-02-21,-41.2871478,146.50331382,true,false
government,Devonport Primary School,Devonport,7310,,devonport.primary@education.tas.gov.au,https://devonportprimary.education.tas.edu.au/site-search,https://devonportprimary.education.tas.edu.au/,https://acaraweb.azurewebsites.net/contact-us/acara-data-access,2026-02-21,-41.18023239,146.35740161,true,false
government,East Devonport Primary School,East Devonport,7310,,east.devonport.primary@education.tas.gov.au,https://eastdevonportprimary.education.tas.edu.au/site-search,https://eastdevonportprimary.education.tas.edu.au/,https://acaraweb.azurewebsites.net/contact-us/acara-data-access,2026-02-21,-41.17792747,146.37211466,true,false
government,Forth Primary School,Forth,7310,,forth.primary@education.tas.gov.au,https://forthprimary.education.tas.edu.au/#section1470,https://forthprimary.education.tas.edu.au/,https://acaraweb.azurewebsites.net/contact-us/acara-data-access,2026-02-21,-41.19291547,146.24858234,true,false
government,Hillcrest Primary School,Devonport,7310,,servicecentre@decyp.tas.gov.au,,https://hillcrestprimary.education.tas.edu.au/,https://acaraweb.azurewebsites.net/contact-us/acara-data-access,2026-02-21,-41.1870573,146.33315893,true,false
government,Miandetta Primary School,Miandetta,7310,,miandetta.primary@education.tas.gov.au,https://miandettaprimary.education.tas.edu.au/contact/,https://miandettaprimary.education.tas.edu.au,https://acaraweb.azurewebsites.net/contact-us/acara-data-access,2026-02-21,-41.1954,146.349,true,false
government,Nixon Street Primary School,Devonport,7310,,nixon.street.primary@decyp.tas.gov.au,,https://nixonstreetprimary.education.tas.edu.au/,https://acaraweb.azurewebsites.net/contact-us/acara-data-access,2026-02-21,-41.1729974,146.33828234,true,false
government,Spreyton Primary School,Spreyton,7310,,spreyton.primary@decyp.tas.gov.au,https://spreytonprimary.education.tas.edu.au/site-search,https://spreytonprimary.education.tas.edu.au/,https://acaraweb.azurewebsites.net/contact-us/acara-data-access,2026-02-21,-41.21202919,146.34585593,true,false
government,Wilmot Primary School,Wilmot,7310,,wilmot.primary@education.tas.gov.au,https://wilmotprimary.education.tas.edu.au/site-search,https://wilmotprimary.education.tas.edu.au/home,https://acaraweb.azurewebsites.net/contact-us/acara-data-access,2026-02-21,-41.38699434,146.17536786,true,false
government,East Ulverstone Primary School,Ulverstone,7315,,east.ulverstone.primary@education.tas.gov.au,,https://eastulverstoneprimary.education.tas.edu.au/,https://acaraweb.azurewebsites.net/contact-us/acara-data-access,2026-02-21,-41.15452656,146.19175434,true,false
government,Sprent Primary School,Sprent,7315,,servicecentre@decyp.tas.gov.au,,https://sprentprimary.education.tas.edu.au/,https://acaraweb.azurewebsites.net/contact-us/acara-data-access,2026-02-21,-41.26294106,146.15942756,true,false
government,Ulverstone Primary School,Ulverstone,7315,,servicecentre@decyp.tas.gov.au,,https://ulverstoneprimary.education.tas.edu.au/,https://acaraweb.azurewebsites.net/contact-us/acara-data-access,2026-02-21,-41.16076112,146.16414432,true,false
government,West Ulverstone Primary School,West Ulverstone,7315,,west.ulverstone.primary@education.tas.gov.au,https://westulverstoneprimary.education.tas.edu.au/site-search,https://westulverstoneprimary.education.tas.edu.au/,https://acaraweb.azurewebsites.net/contact-us/acara-data-access,2026-02-21,-41.14816145,146.15951375,true,false
government,Riana Primary School,Riana,7316,,riana.primary@decyp.tas.gov.au,https://rianaprimary.education.tas.edu.au/site-search,https://rianaprimary.education.tas.edu.au/,https://acaraweb.azurewebsites.net/contact-us/acara-data-access,2026-02-21,-41.20249009,145.9989877,true,false
government,Burnie Primary School,Park Grove,7320,,burnie.primary@education.tas.gov.au,,https://burnieprimary.education.tas.edu.au/,https://acaraweb.azurewebsites.net/contact-us/acara-data-access,2026-02-21,-41.0584334,145.88530288,true,false
government,Cooee Primary School,Cooee,7320,,servicecentre@decyp.tas.gov.au,https://schoolsweb.decyp.tas.gov.au/cooeeprimary/wp-content/uploads/sites/31/2021/08/Launching-Into-Learning-Contact-Form.pdf,https://cooeeprimary.education.tas.edu.au/,https://acaraweb.azurewebsites.net/contact-us/acara-data-access,2026-02-21,-41.0415376,145.86646528,true,false
government,Montello Primary School,Montello,7320,,,https://www.montelloprimary.education.tas.edu.au/site-search,https://www.montelloprimary.education.tas.edu.au/,https://acaraweb.azurewebsites.net/contact-us/acara-data-access,2026-02-21,-41.05990677,145.89857951,true,true
government,Boat Harbour Primary School,Boat Harbour,7321,,boat.harbour.primary@decyp.tas.gov.au,https://boatharbourprimary.education.tas.edu.au/site-search,https://boatharbourprimary.education.tas.edu.au/,https://acaraweb.azurewebsites.net/contact-us/acara-data-access,2026-02-21,-40.94562609,145.63535686,true,false
government,Havenview Primary School,Havenview,7320,,servicecentre@decyp.tas.gov.au,,https://havenviewprimary.education.tas.edu.au/,https://acaraweb.azurewebsites.net/contact-us/acara-data-access,2026-02-21,-41.08386446,145.91116837,true,false
government,Natone Primary School,Natone,7321,,natone.primary@education.tas.gov.au,https://schoolsweb.decyp.tas.gov.au/natoneprimary/,https://natoneprimary.education.tas.edu.au/,https://acaraweb.azurewebsites.net/contact-us/acara-data-access,2026-02-21,-41.17012891,145.92177351,true,false
government,Ridgley Primary School,Ridgley,7321,,ridgley.primary@education.tas.gov.au,https://ridgleyprimary.education.tas.edu.au/site-search,https://ridgleyprimary.education.tas.edu.au/,https://acaraweb.azurewebsites.net/contact-us/acara-data-access,2026-02-21,-41.13997773,145.8377718,true,false
government,Table Cape Primary School,Wynyard,7325,,table.cape.primary@education.tas.gov.au,https://tablecapeprimary.education.tas.edu.au/site-search,https://tablecapeprimary.education.tas.edu.au/,https://acaraweb.azurewebsites.net/contact-us/acara-data-access,2026-02-21,-40.98316517,145.71486624,true,false
government,Edith Creek Primary School,Edith Creek,7330,,edith.creek.primary@education.tas.gov.au,https://edithcreekprimary.education.tas.edu.au/site-search,https://edithcreekprimary.education.tas.edu.au/,https://acaraweb.azurewebsites.net/contact-us/acara-data-access,2026-02-21,-40.97052056,145.09340726,true,false
government,Forest Primary School,Forest,7330,,tuartforest.ps@education.wa.edu.au,https://tuartforestps.wa.edu.au/contact-us/,https://tuartforestps.wa.edu.au/,https://acaraweb.azurewebsites.net/contact-us/acara-data-access,2026-02-21,-40.84838284,145.24941532,true,false
government,Redpa Primary School,Redpa,7330,,redpa.primary@education.tas.gov.au,https://redpaprimary.education.tas.edu.au/site-search,https://redpaprimary.education.tas.edu.au/,https://acaraweb.azurewebsites.net/contact-us/acara-data-access,2026-02-21,-40.932925,144.761834,true,false
government,Smithton Primary School,Smithton,7330,,smithton.primary@decyp.tas.gov.au,https://smithtonprimary.education.tas.edu.au/contact/,https://smithtonprimary.education.tas.edu.au/,https://acaraweb.azurewebsites.net/contact-us/acara-data-access,2026-02-21,-40.84946046,145.11605256,true,false
government,Stanley Primary School,Stanley,7331,,stanley.primary@education.tas.gov.au,https://stanleyprimary.education.tas.edu.au/contact/,https://stanleyprimary.education.tas.edu.au/,https://acaraweb.azurewebsites.net/contact-us/acara-data-access,2026-02-21,-40.75956582,145.29098508,true,false
government,Brighton Primary School,Brighton,7030,,brighton.ps@education.vic.gov.au,https://www.brighton.vic.edu.au/contact,https://www.brighton.vic.edu.au/,https://acaraweb.azurewebsites.net/contact-us/acara-data-access,2026-02-21,-42.69909438,147.25845801,true,false
government,Bagdad Primary School,Bagdad,7030,,bagdad.primary@decyp.tas.gov.au,https://bagdadprimary.education.tas.edu.au/site-search,https://bagdadprimary.education.tas.edu.au/,https://acaraweb.azurewebsites.net/contact-us/acara-data-access,2026-02-21,-42.62489064,147.22295679,true,false
government,Kempton Primary School,Kempton,7030,,kempton.primary@education.tas.gov.au,,https://kemptonprimary.education.tas.edu.au/,https://acaraweb.azurewebsites.net/contact-us/acara-data-access,2026-02-21,-42.5311126,147.19913449,true,false
government,Fairview Primary School,New Norfolk,7140,,fairview.primary@education.tas.gov.au,https://fairviewprimary.education.tas.edu.au/site-search,https://fairviewprimary.education.tas.edu.au/,https://acaraweb.azurewebsites.net/contact-us/acara-data-access,2026-02-21,-42.77432027,147.05092241,true,false
government,New Norfolk Primary School,New Norfolk,7140,,new.norfolk.primary@education.tas.gov.au,,https://newnorfolkprimary.education.tas.edu.au/,https://acaraweb.azurewebsites.net/contact-us/acara-data-access,2026-02-21,-42.77900115,147.06366914,true,false
government,Molesworth Primary School,Molesworth,7140,,molesworth.primary@decyp.tas.gov.au,https://www.molesworthprimary.education.tas.edu.au/site-search,https://www.molesworthprimary.education.tas.edu.au/,https://acaraweb.azurewebsites.net/contact-us/acara-data-access,2026-02-21,-42.80404026,147.15677869,true,false
government,Westerway Primary School,Westerway,7140,,westerway.primary.admin.staff@decyp.tas.gov.au,https://westerwayprimary.education.tas.edu.au/site-search,https://westerwayprimary.education.tas.edu.au/,https://acaraweb.azurewebsites.net/contact-us/acara-data-access,2026-02-21,-42.67762923,146.78735111,true,false
government,Strahan Primary School,Strahan,7468,,strahan.primary@decyp.tas.gov.au,https://strahanprimary.education.tas.edu.au/site-search,https://strahanprimary.education.tas.edu.au/,https://acaraweb.azurewebsites.net/contact-us/acara-data-access,2026-02-21,-42.15342033,145.32034704,true,false
government,Zeehan Primary School,Zeehan,7469,,zeehan.primary@education.tas.gov.au,https://zeehanprimary.education.tas.edu.au/site-search,https://zeehanprimary.education.tas.edu.au/,https://acaraweb.azurewebsites.net/contact-us/acara-data-access,2026-02-21,-41.88801157,145.33959279,true,false
independent,Tarremah Steiner School,Huntingfield,7055,,mail@tarremah.tas.edu.au,https://www.tarremah.tas.edu.au/,http://www.tarremah.tas.edu.au,https://acaraweb.azurewebsites.net/contact-us/acara-data-access,2026-02-21,-42.997854,147.289813,true,false
independent,Australian Christian College - Burnie,Somerset,7322,,burnie@acc.edu.au,,https://www.acc.edu.au/burnie/,https://acaraweb.azurewebsites.net/contact-us/acara-data-access,2026-02-21,-41.0444,145.81,true,true
catholic,MacKillop Catholic College,Mornington,7018,,enrolments@mackillop.tas.edu.au,,http://www.mackillop.tas.edu.au,https://acaraweb.azurewebsites.net/contact-us/acara-data-access,2026-02-21,-42.857456,147.400625,true,true
independent,Devonport Christian School,Don,7310,,admin@dcs.tas.edu.au,,http://www.dcs.tas.edu.au,https://acaraweb.azurewebsites.net/contact-us/acara-data-access,2026-02-21,-41.18196,146.3234,true,true
catholic,St Finn Barr's Catholic Primary School,Invermay,7248,,stfinnbarrs@catholic.tas.edu.au,http://www.stfinnbarrs.tas.edu.au/site-search,http://www.stfinnbarrs.tas.edu.au,https://acaraweb.azurewebsites.net/contact-us/acara-data-access,2026-02-21,-41.415572,147.132923,true,false
independent,Giant Steps Tasmania,Deloraine,7304,,principal@giantsteps.tas.edu.au,https://www.giantsteps.tas.edu.au/search-results,http://www.giantsteps.tas.edu.au/,https://acaraweb.azurewebsites.net/contact-us/acara-data-access,2026-02-21,-41.5225,146.652,true,false
catholic,Dominic College,Glenorchy,7010,,,http://www.dominic.tas.edu.au/contact,http://www.dominic.tas.edu.au,https://acaraweb.azurewebsites.net/contact-us/acara-data-access,2026-02-21,-42.848604,147.257738,true,true
catholic,Mount Carmel College,Sandy Bay,7005,,info@mountcarmel.tas.edu.au,https://mountcarmel.tas.edu.au/,http://www.mountcarmel.tas.edu.au,https://acaraweb.azurewebsites.net/contact-us/acara-data-access,2026-02-21,-42.901946,147.33217,true,false
catholic,Sacred Heart College,New Town,7008,,admin@shc.tas.edu.au,http://www.shc.tas.edu.au/search,http://www.shc.tas.edu.au,https://acaraweb.azurewebsites.net/contact-us/acara-data-access,2026-02-21,-42.86218,147.304645,true,false
government,Dodges Ferry Primary School,Dodges Ferry,7173,,dodges.ferry.primary@education.tas.gov.au,https://schoolsweb.decyp.tas.gov.au/dodgesferry/wp-content/uploads/sites/32/2025/12/School-Contact-Details-Partnership-Agreement-Form-SUNSMART-DFPS.docx,https://dodgesferryprimary.education.tas.edu.au/,https://acaraweb.azurewebsites.net/contact-us/acara-data-access,2026-02-21,-42.84870944,147.62474666,true,false
government,Exeter Primary School,Exeter,7275,,exeter.primary@education.tas.gov.au,,https://exeterprimary.education.tas.edu.au/,https://acaraweb.azurewebsites.net/contact-us/acara-data-access,2026-02-21,-41.29885674,146.95637398,true,false
government,Illawarra Primary School,Blackmans Bay,7052,,michael.hayen@education.tas.gov.au,https://illawarraprimaryschool.education.tas.edu.au/,https://illawarraprimaryschool.education.tas.edu.au/,https://acaraweb.azurewebsites.net/contact-us/acara-data-access,2026-02-21,-43.0086344,147.31937793,true,false
independent,OneSchool Global Tas,Claremont,7011,,,,https://www.oneschoolglobal.com/regions/australia/tasmania/,https://acaraweb.azurewebsites.net/contact-us/acara-data-access,2026-02-21,,,true,true
government,Beaconsfield Primary School,Beaconsfield,7270,,,,https://beaconsfield.tas.gov.au,https://acaraweb.azurewebsites.net/contact-us/acara-data-access,2026-02-21,-41.20319085,146.8219466,true,true
independent,Newstead Christian School,Newstead,7250,,office@ncs.tas.edu.au,http://www.ncs.tas.edu.au/search,http://www.ncs.tas.edu.au,https://acaraweb.azurewebsites.net/contact-us/acara-data-access,2026-02-21,-41.438287,147.165078,true,false
catholic,St Virgil's College,Austins Ferry,7011,,jsadmin@stvirgils.tas.edu.au,https://www.stvirgils.tas.edu.au/search,http://www.stvirgils.tas.edu.au,https://acaraweb.azurewebsites.net/contact-us/acara-data-access,2026-02-21,-42.774178,147.251698,true,false
independent,Peregrine,Nicholls Rivulet,7112,,admin@peregrine.tas.edu.au,https://www.peregrine.tas.edu.au/contact/,http://www.peregrine.tas.edu.au,https://acaraweb.azurewebsites.net/contact-us/acara-data-access,2026-02-21,-43.141636,147.152841,true,false
government,Mountain Heights School,Queenstown,7467,,mountain.heights@education.tas.gov.au,https://schoolsweb.decyp.tas.gov.au/mountainheights/,https://mountainheights.education.tas.edu.au,https://acaraweb.azurewebsites.net/contact-us/acara-data-access,2026-02-21,-42.09410938,145.54957398,true,false
catholic,St Brendan-Shaw College,Devonport,7310,,enrolments@sbsc.tas.edu.au,https://tas.us21.list-manage.com/subscribe/post?u=0336f174fa1ece66442c648f4&id=882d25fafc&f_id=009adde6f0,http://www.sbsc.tas.edu.au,https://acaraweb.azurewebsites.net/contact-us/acara-data-access,2026-02-21,-41.167167,146.342373,true,false
catholic,St Patrick's College,Prospect Vale,7250,,registrar@stpatricks.tas.edu.au,http://www.stpatricks.tas.edu.au/search,http://www.stpatricks.tas.edu.au,https://acaraweb.azurewebsites.net/contact-us/acara-data-access,2026-02-21,-41.473557,147.127444,true,false
catholic,Marist Regional College,Burnie,7320,,principal@mrc.tas.edu.au,https://mrc.tas.edu.au,http://www.mrc.tas.edu.au,https://acaraweb.azurewebsites.net/contact-us/acara-data-access,2026-02-21,-41.04803,145.886284,true,false
government,Cape Barren Island School,Cape Barren Island,7257,,cape.barren.island@decyp.tas.gov.au,,https://capebarrenisland.education.tas.edu.au/,https://acaraweb.azurewebsites.net/contact-us/acara-data-access,2026-02-21,-40.369305,148.024571,true,false
government,Southern Support School,Howrah,7018,,southern.support.school@decyp.tas.gov.au,,https://southernsupportschool.education.tas.edu.au/,https://acaraweb.azurewebsites.net/contact-us/acara-data-access,2026-02-21,-42.880164,147.401683,true,false
independent,Calvin Christian School,Kingston,7050,,admin@calvin.tas.edu.au,http://www.calvin.tas.edu.au,http://www.calvin.tas.edu.au,https://acaraweb.azurewebsites.net/contact-us/acara-data-access,2026-02-21,-42.97993089,147.30502043,true,false
government,Northern Support School,Ravenswood,7250,,northern.support@education.tas.gov.au,https://schoolsweb.decyp.tas.gov.au/northernsupportschool/,https://northernsupportschool.education.tas.edu.au/,https://acaraweb.azurewebsites.net/contact-us/acara-data-access,2026-02-21,-41.423615,147.172268,true,false
independent,Australian Christian College - Launceston,Newnham,7248,,launceston@acc.edu.au,,https://www.acc.edu.au/launceston/,https://acaraweb.azurewebsites.net/contact-us/acara-data-access,2026-02-21,-41.3858,147.127401,true,true
independent,Emmanuel Christian School,Rokeby,7019,,admin@cst.tas.edu.au,http://www.cst.tas.edu.au,http://www.cst.tas.edu.au,https://acaraweb.azurewebsites.net/contact-us/acara-data-access,2026-02-21,-42.90075556,147.43857962,true,false
independent,Northern Christian School,Bridgewater,7030,,admin@northern.tas.edu.au,https://www.northern.tas.edu.au/,https://www.northern.tas.edu.au/,https://acaraweb.azurewebsites.net/contact-us/acara-data-access,2026-02-21,-42.730637,147.223489,true,false
independent,Channel Christian School,Margate,7054,,admin@cst.tas.edu.au,http://www.cst.tas.edu.au,http://www.cst.tas.edu.au,https://acaraweb.azurewebsites.net/contact-us/acara-data-access,2026-02-21,-43.027034,147.271393,true,false
independent,Australian Christian College - Hobart,Geilston Bay,7015,,hobart@acc.edu.au,,https://www.acc.edu.au/hobart/,https://acaraweb.azurewebsites.net/contact-us/acara-data-access,2026-02-21,-42.839719,147.352713,true,true
government,Launceston College,Launceston,7250,,launceston.college@education.tas.gov.au,https://launcestoncollege.education.tas.edu.au/search-results,https://launcestoncollege.education.tas.edu.au/,https://acaraweb.azurewebsites.net/contact-us/acara-data-access,2026-02-21,-41.43992227,147.13289463,true,false
government,Elizabeth College,North Hobart,7000,,elizabeth.college@decyp.tas.gov.au,https://elizabethcollege.tas.edu.au/,https://elizabethcollege.tas.edu.au/,https://acaraweb.azurewebsites.net/contact-us/acara-data-access,2026-02-21,-42.87760164,147.31775523,true,false
government,Rosny College,Rosny Park,7018,,rosny.college@decyp.tas.gov.au,https://www.rosnycollege.education.tas.edu.au/site-search,https://www.rosnycollege.education.tas.edu.au/,https://acaraweb.azurewebsites.net/contact-us/acara-data-access,2026-02-21,-42.86932994,147.36533631,true,false
catholic,Guilford Young College,Glenorchy,7010,,hobadmin@gyc.tas.edu.au,http://www.gyc.tas.edu.au/,http://www.gyc.tas.edu.au/,https://acaraweb.azurewebsites.net/contact-us/acara-data-access,2026-02-21,-42.835,147.27,true,false
government,Claremont College,Claremont,7011,,claremont.college@decyp.tas.gov.au,https://claremontcollege.education.tas.edu.au/site-search,https://claremontcollege.education.tas.edu.au/,https://acaraweb.azurewebsites.net/contact-us/acara-data-access,2026-02-21,-42.79584451,147.25055132,true,false
government,Sandy Bay Infant School,Sandy Bay,7005,,sandy.bay.infant@decyp.tas.gov.au,,https://sandybayinfant.education.tas.edu.au/,https://acaraweb.azurewebsites.net/contact-us/acara-data-access,2026-02-21,-42.90961521,147.34937869,true,false
government,Montrose Bay High School,Rosetta,7010,,montrose.bay.high@decyp.tas.gov.au,https://montrosebayhigh.tas.edu.au/site-search,https://montrosebayhigh.tas.edu.au/,https://acaraweb.azurewebsites.net/contact-us/acara-data-access,2026-02-21,-42.82023857,147.2669231,true,false
government,Glenorchy Primary School,Glenorchy,7010,,glenorchy.primary.admin.staff@education.tas.gov.au,https://glenorchyprimary.education.tas.edu.au/site-search,https://glenorchyprimary.education.tas.edu.au/,https://acaraweb.azurewebsites.net/contact-us/acara-data-access,2026-02-21,-42.83091402,147.26726531,true,false
catholic,St Aloysius Catholic College,Huntingfield,7055,,sacc@catholic.tas.edu.au,http://www.staloysius.tas.edu.au/site-search,http://www.staloysius.tas.edu.au/,https://acaraweb.azurewebsites.net/contact-us/acara-data-access,2026-02-21,-42.997539,147.289506,true,false
government,Somerset Primary School,Somerset,7322,,somerset.primary@education.tas.gov.au,https://somersetprimary.education.tas.edu.au/site-search,https://somersetprimary.education.tas.edu.au/,https://acaraweb.azurewebsites.net/contact-us/acara-data-access,2026-02-21,-41.03817706,145.81934074,true,false
government,Don College,Devonport,7310,,don.college@education.tas.gov.au,https://doncollege.education.tas.edu.au/site-search,https://doncollege.education.tas.edu.au/,https://acaraweb.azurewebsites.net/contact-us/acara-data-access,2026-02-21,-41.16761222,146.33334709,true,false
government,Hellyer College,Shorewell Park,7320,,hellyer.college@decyp.tas.gov.au,https://hellyercollege.education.tas.edu.au/php/newsletter.php,https://hellyercollege.education.tas.edu.au,https://acaraweb.azurewebsites.net/contact-us/acara-data-access,2026-02-21,-41.061313,145.881671,true,false
government,Hobart College,Mount Nelson,7007,,,https://hobartcollege.education.tas.edu.au/,https://hobartcollege.education.tas.edu.au/,https://acaraweb.azurewebsites.net/contact-us/acara-data-access,2026-02-21,-42.917107,147.318165,true,true
government,Romaine Park Primary School,Romaine,7320,,romaine.park.primary@decyp.tas.gov.au,,https://romaineparkprimary.education.tas.edu.au/,https://acaraweb.azurewebsites.net/contact-us/acara-data-access,2026-02-21,-41.07792938,145.90136514,true,false
government,Windermere Primary School,Claremont,7011,,jarrod.williams@education.tas.gov.au,https://windermereprimary.education.tas.edu.au/contact/,https://windermereprimary.education.tas.edu.au/,https://acaraweb.azurewebsites.net/contact-us/acara-data-access,2026-02-21,-42.79929094,147.25774957,true,false
government,Austins Ferry Primary School,Claremont,7011,,austins.ferry.primary@decyp.tas.gov.au,https://austinsferryprimary.education.tas.edu.au/site-search,https://austinsferryprimary.education.tas.edu.au/,https://acaraweb.azurewebsites.net/contact-us/acara-data-access,2026-02-21,-42.78491896,147.23896666,true,false
government,JRLF - Senior School,Bridgewater,7030,,servicecentre@decyp.tas.gov.au,,https://jrlfsenior.education.tas.edu.au,https://acaraweb.azurewebsites.net/contact-us/acara-data-access,2026-02-21,-42.73735506,147.23949761,true,false
government,JRLF - Gagebrook Primary School,Gagebrook,7030,,jrlf.gagebrook.primary.campus@education.tas.gov.au,https://schoolsweb.decyp.tas.gov.au/gagebrookprimary/,https://gagebrookprimary.education.tas.edu.au/,https://acaraweb.azurewebsites.net/contact-us/acara-data-access,2026-02-21,-42.74882742,147.27580782,true,false
government,JRLF - Herdsmans Cove Primary School,Herdsmans Cove,7030,,,,https://jrlf.education.tas.edu.au/,https://acaraweb.azurewebsites.net/contact-us/acara-data-access,2026-02-21,-42.74886383,147.26385697,true,true
government,JRLF - East Derwent Primary School,Bridgewater,7030,,jrlf.east.derwent.primary.campus@education.tas.gov.au,,https://eastderwentprimary.education.tas.edu.au,https://acaraweb.azurewebsites.net/contact-us/acara-data-access,2026-02-21,-42.74341148,147.24993062,true,false
government,Launceston Big Picture School,Invermay,7248,,lbps@decyp.tas.gov.au,https://lbps.education.tas.edu.au/site-search,https://lbps.education.tas.edu.au/,https://acaraweb.azurewebsites.net/contact-us/acara-data-access,2026-02-21,-41.42794676,147.13906078,true,false
government,Newstead College,Newstead,7250,,linda.goss@education.tas.gov.au,https://newsteadcollege.education.tas.edu.au/site-search,https://newsteadcollege.education.tas.edu.au/,https://acaraweb.azurewebsites.net/contact-us/acara-data-access,2026-02-21,-41.43310275,147.16077778,true,false
independent,Lambert School,North Hobart,7002,,,,http://www.lambertschool.tas.edu.au/,https://acaraweb.azurewebsites.net/contact-us/acara-data-access,2026-02-21,-42.876215,147.319525,true,true
government,Port Sorell Primary School,Port Sorell,7307,,port.sorell.primary@decyp.tas.gov.au,,https://portsorellprimary.education.tas.edu.au/,https://acaraweb.azurewebsites.net/contact-us/acara-data-access,2026-02-21,-41.16379772,146.55001066,true,false
government,Andrews Creek Primary School,Wesley Vale,7307,,sarah-jane.tregenza@education.tas.gov.au,https://andrewscreekprimary.education.tas.edu.au/index.php/contact/,https://andrewscreekprimary.education.tas.edu.au,https://acaraweb.azurewebsites.net/contact-us/acara-data-access,2026-02-21,-41.18898408,146.45880233,true,false
government,East Tamar Primary School,Mayfield,7248,,east.tamar.primary@education.tas.gov.au,https://schoolsweb.decyp.tas.gov.au/easttamarprimary/,https://easttamarprimary.education.tas.edu.au/,https://acaraweb.azurewebsites.net/contact-us/acara-data-access,2026-02-21,-41.38769971,147.12989373,true,false
government,Penguin District School,Penguin,7316,,penguin.district.school@decyp.tas.gov.au,https://penguindistrict.education.tas.edu.au/site-search,https://penguindistrict.education.tas.edu.au,https://acaraweb.azurewebsites.net/contact-us/acara-data-access,2026-02-21,-41.12693898,146.06930478,true,false
catholic,St Francis Flexible Learning Centre,Chigwell,7011,,st.francis.flc@youthplus.edu.au,,http://youthplus.edu.au/st-francis-hobart-flc/,https://acaraweb.azurewebsites.net/contact-us/acara-data-access,2026-02-21,-42.8046047,147.2449819,true,false
independent,Tamar Valley Steiner School,Launceston,7250,,,,http://www.tamarvalleysteiner.com.au/,https://acaraweb.azurewebsites.net/contact-us/acara-data-access,2026-02-21,-41.46321585399829,147.2024105502765,true,true
independent,Indie School - Glenorchy,Glenorchy,7010,,enquiries@indieschool.edu.au,https://indieschool.edu.au/,https://indieschool.edu.au/,https://acaraweb.azurewebsites.net/contact-us/acara-data-access,2026-02-21,-42.833839,147.27975,true,false
independent,Indie School - Devonport,Devonport,7310,,enquiries@indieschool.edu.au,https://indieschool.edu.au/campus/devonport,https://indieschool.edu.au/campus/devonport,https://acaraweb.azurewebsites.net/contact-us/acara-data-access,2026-02-21,-41.1769,146.3593,true,false
government,Hobart City High School,New Town,7008,,hobart.city.high@decyp.tas.gov.au,https://www.hobartcityhigh.education.tas.edu.au/site-search,https://www.hobartcityhigh.education.tas.edu.au/,https://acaraweb.azurewebsites.net/contact-us/acara-data-access,2026-02-21,-42.85515258,147.3003688,true,false
government,Legana Primary School,Legana,7277,,servicecentre@decyp.tas.gov.au,,https://leganaprimary.education.tas.edu.au/,https://acaraweb.azurewebsites.net/contact-us/acara-data-access,2026-02-21,-41.36973,147.05181,true,false
government,Brighton High School,Brighton,7030,,brighton.high@decyp.tas.gov.au,https://brightonhigh.education.tas.edu.au/,https://brightonhigh.education.tas.edu.au/,https://acaraweb.azurewebsites.net/contact-us/acara-data-access,2026-02-21,-42.70417,147.24669,true,false
